years_of_education,log_weekly_earnings,weekly_earnings,id,gender,age
14,7.229521706706243,1379.5625107672265,1,Female,56
11,6.8328034677205665,927.7881941939444,2,Female,60
20,8.187438167218215,3595.499369621412,3,Female,57
18,7.680840863941727,2166.440688025262,4,Male,48
15,7.490043468719259,1790.1299048067117,5,Female,63
20,7.6195161617928555,2037.5760341497564,6,Male,58
12,7.565527397449941,1930.486644356176,7,Male,52
14,7.250192222123923,1408.3755431252666,8,Male,61
17,7.645222279204318,2090.6332284814675,9,Female,31
10,6.433721603809759,622.486289881613,10,Female,28
14,7.311173212684906,1496.9323794404015,11,Male,61
18,7.856632964469759,2582.8093076981922,12,Female,25
18,7.306709599095175,1490.265541891049,13,Female,25
15,6.88984227362626,982.2464788244208,14,Female,44
12,7.043157806869996,1144.9975850620424,15,Female,43
11,6.644389844170355,768.4610235842521,16,Male,53
15,7.3642573318812605,1578.5426577760404,17,Male,34
15,6.980832316182939,1075.8134113762517,18,Female,42
10,6.170334337306949,478.34600827333446,19,Male,52
13,7.125964095049834,1243.8467756950274,20,Female,59
12,6.8171293825021,913.3593379366558,21,Female,55
9,5.944660798152888,381.7098626453472,22,Male,51
15,7.632038545301579,2063.2517678527483,23,Male,35
19,7.335168821614162,1533.2866100130154,24,Male,62
13,7.8812661123138,2647.2221193183873,25,Female,29
9,6.3921654520226205,597.1482765727594,26,Male,32
19,7.916600539284258,2742.4323903507775,27,Female,58
12,7.518533552673393,1841.8643156482924,28,Male,36
8,6.847795141454163,941.8020753948732,29,Male,62
19,8.455632334740505,4701.4786036320775,30,Female,25
17,7.139565325216995,1260.8801971382368,31,Female,55
13,6.697493181541605,810.3718217531202,32,Female,28
20,7.981231655953281,2925.532095032012,33,Female,29
19,8.065660400907216,3183.2577494840816,34,Female,54
16,7.417291386736867,1664.5188584287453,35,Female,48
8,6.030642448552766,415.98219071049084,36,Female,27
18,7.809975235942711,2465.0693894101278,37,Female,35
18,7.601332704113828,2000.860674280433,38,Male,28
17,7.485777349584425,1782.5092642041482,39,Female,50
19,7.005100071483889,1102.240352318951,40,Female,51
19,8.05128353989238,3137.819904677113,41,Male,51
10,6.749285045386864,853.4483675023638,42,Female,30
19,8.39066864130924,4405.76258444702,43,Male,39
14,7.1592860358860495,1285.992452601939,44,Male,54
11,7.023480398748626,1122.6872251881068,45,Female,61
16,7.620675582866847,2039.9398127861978,46,Male,61
10,6.107319247807344,449.13308538884843,47,Female,61
12,7.859183719010101,2589.4058297443166,48,Male,59
10,6.553780794081502,701.892875993397,49,Male,47
14,7.317495080380129,1506.4257642355408,50,Male,30
12,7.165021043105529,1293.3888174322756,51,Female,28
16,7.2234338699345555,1371.1894720916505,52,Female,42
14,7.6934813148174195,2193.9992847171598,53,Male,33
9,6.660054885532262,780.5937792561419,54,Male,53
11,6.743301396212173,848.3568799115945,55,Female,37
16,7.453414953991679,1725.7464387599427,56,Female,41
19,8.039978869355558,3102.547630804378,57,Male,56
9,6.583250342999022,722.885139492218,58,Male,46
17,7.771869756634986,2372.903895918867,59,Female,28
16,7.013525714806363,1111.566671327947,60,Female,29
17,7.343349883625132,1545.8819743280476,61,Female,61
12,6.18869092073791,487.207894819496,62,Female,37
9,7.181117096837819,1314.3757234070351,63,Female,58
11,7.532828718115899,1868.3831648351245,64,Male,46
19,7.993158610539493,2960.6336949582774,65,Female,47
19,7.4355334722698565,1695.1617996337068,66,Male,27
14,7.844413051172257,2551.4396594435007,67,Female,58
19,7.574393797057036,1947.679215855912,68,Male,56
20,7.823365589036522,2498.299524036655,69,Female,45
15,7.339439570083507,1539.8488944145452,70,Female,45
10,6.853253177986552,946.9565193042689,71,Male,35
8,6.6287561142814155,756.5405351525466,72,Male,63
11,7.0657406410429004,1171.1490513735473,73,Female,28
9,6.536496973578505,689.8657224984046,74,Female,25
15,7.465166751057408,1746.1466957548353,75,Female,52
11,6.7520195622281065,855.7853302121381,76,Female,48
9,6.754375452081935,857.8038429518833,77,Female,59
13,7.2187086328641685,1364.7255605519201,78,Male,37
13,7.303459586512416,1485.4300221345738,79,Male,58
17,7.707728956124117,2225.4823466656135,80,Female,35
11,6.6610384304150445,781.3619059548815,81,Male,60
13,7.2063954713399525,1348.0245066844234,82,Male,41
20,8.134855676569721,3411.3236993076607,83,Male,59
9,6.191360153096066,488.51010307253574,84,Female,42
17,7.46795051208691,1751.0143228902316,85,Male,64
19,7.98686464777739,2942.0580951178813,86,Female,46
9,7.094512140853189,1205.334186720762,87,Male,48
17,7.756875970702375,2337.5904852999697,88,Female,43
11,7.456797853602526,1731.5943515901004,89,Male,61
15,7.201514825880367,1341.4613063517465,90,Female,63
14,7.249555772049531,1407.4794675899907,91,Female,45
19,8.054090349431661,3146.639539245106,92,Male,32
16,6.8587691932319865,952.1943786768201,93,Female,52
15,7.673498134326744,2150.5913597029626,94,Female,29
12,6.286307142609861,537.1659844775075,95,Female,41
20,8.258336590372933,3859.6685479796984,96,Female,61
9,6.786742436445334,886.0225807422079,97,Female,60
12,6.1181572817263215,454.0272788124755,98,Female,43
15,6.734102271842463,840.5885252758976,99,Female,51
17,7.9166163610886,2742.475780922737,100,Female,58
16,7.713050890628732,2237.357790092821,101,Male,35
19,7.480352926995463,1772.8663579303573,102,Male,36
19,7.480007564964328,1772.2541829211384,103,Female,45
19,7.95437497908015,2848.007708259943,104,Female,35
20,7.8954192879005385,2684.955109746347,105,Male,63
16,7.674372145969746,2152.47182324449,106,Male,52
20,8.072378860813588,3204.7163426787433,107,Male,29
20,8.468998955114051,4764.743359369211,108,Female,41
8,6.714280669133823,824.0907597188759,109,Male,44
16,7.593886019692716,1986.0162357903348,110,Female,36
14,7.082105365561995,1190.472261238723,111,Female,30
16,7.317391534565032,1506.26978822737,112,Male,41
15,7.2872042341515515,1461.4790270412523,113,Female,43
8,6.942555364444746,1035.412694057943,114,Female,50
19,7.641795824746423,2083.4820275646534,115,Female,56
15,7.364407521405481,1578.7797561511745,116,Female,30
15,6.745043743680739,849.8363008321314,117,Male,60
18,7.864105983943788,2602.1829917495807,118,Male,62
10,7.466136425607699,1747.8407109557613,119,Female,35
8,6.215271042634555,500.33158200422287,120,Female,57
15,8.084780043839679,3244.7060640196705,121,Male,48
10,6.761855959497106,864.244711407157,122,Female,47
10,5.826697746883832,339.23658230663256,123,Male,39
8,6.358941173720572,577.6344179810006,124,Female,51
18,8.061815572898983,3171.042169381966,125,Female,35
12,7.642312019957933,2084.5577886380183,126,Male,41
17,7.728796562700431,2272.8653033924265,127,Male,38
14,7.615808887960656,2030.03616664956,128,Male,51
17,7.230346314759451,1380.700578288843,129,Male,42
16,7.255887343612471,1416.419296279397,130,Female,52
19,7.208691306275334,1351.1229037838377,131,Male,28
14,7.011785656556349,1109.63416239772,132,Female,31
16,7.603812449754579,2005.8284566879831,133,Male,59
15,7.352572386364793,1560.2048197937918,134,Male,33
19,8.07521983938502,3213.8338182798357,135,Female,32
9,6.298101007541436,543.538753464287,136,Male,41
8,6.230503876359356,508.0113939484599,137,Male,41
14,7.236883940572109,1389.7566523857936,138,Male,57
14,7.012457128984438,1110.3795013523102,139,Male,56
15,7.621840878846843,2042.3183320197707,140,Female,32
12,6.719602845076579,828.4884078830501,141,Female,43
10,6.531855381495309,686.6710671015571,142,Male,62
19,7.922478356565095,2758.5993735873217,143,Male,27
15,7.203760852781935,1344.4776506604255,144,Male,29
13,6.665872557924558,785.148253509254,145,Female,37
18,7.327975430981704,1522.2966553834556,146,Female,55
10,6.882528089197319,975.0883567477889,147,Female,40
8,6.103849100609542,447.5772285585481,148,Female,56
10,7.174224426571014,1305.3473156020318,149,Male,46
12,6.697479346238922,810.3606100912397,150,Male,53
10,6.909155477110413,1001.4011788633626,151,Male,46
8,6.294753720249717,541.7224147019923,152,Female,27
12,6.618497728962163,748.8193221338182,153,Male,34
17,7.6047035555181495,2007.61665860666,154,Female,45
14,7.4724076387555565,1758.836234201565,155,Female,40
14,7.111228981818382,1225.652926021706,156,Male,36
18,7.640224700983324,2080.2111895596327,157,Male,26
16,7.614788902438696,2027.966614786417,158,Male,48
17,7.760984509841845,2347.214323721686,159,Female,59
17,7.52988007363356,1862.882081480545,160,Female,54
19,7.629139588685391,2057.279151849607,161,Male,54
20,7.929709563918606,2778.619675902667,162,Male,59
10,6.635200975100484,761.4320793349641,163,Female,43
14,7.267010335866884,1432.2620632884239,164,Male,32
8,6.14695305657019,467.2914049665033,165,Female,50
11,6.9195885957119145,1011.9036074058472,166,Female,64
20,7.641815576288006,2083.523179952968,167,Male,31
11,7.145476445115409,1268.3554830503456,168,Male,54
12,6.703778227801054,815.4810853003154,169,Male,31
14,6.997872113265394,1094.3021282415718,170,Male,27
14,7.303825884923107,1485.974232456478,171,Female,25
20,7.905108270740838,2711.0960286882473,172,Female,60
18,8.34758836582808,4219.991386136449,173,Female,49
20,7.314369267793651,1501.7243113793963,174,Male,61
11,6.8594690756411305,952.8610360362084,175,Female,25
20,8.306037190841945,4048.238757573433,176,Male,39
14,7.019222222096329,1117.916788547096,177,Male,61
18,7.38499570281336,1611.6208695431494,178,Male,37
10,6.404411821538005,604.5061366027167,179,Male,64
13,6.5455491957491505,696.1388905049791,180,Male,32
19,8.239134672573853,3786.2625333881897,181,Male,29
9,6.480782268267094,652.4811619902722,182,Female,33
17,7.422208390203927,1672.7234579185376,183,Male,25
20,7.136521747102021,1257.0484438427704,184,Female,60
16,7.074118758516315,1181.0022938809109,185,Female,59
12,7.45475615575515,1728.062565776539,186,Male,26
13,7.156734931130464,1282.7159322907364,187,Male,64
19,8.176813469975237,3557.5004980899826,188,Male,47
19,8.133778581386336,3407.651357068272,189,Female,33
19,7.439614810829378,1702.0944665081925,190,Male,58
19,8.606571472547117,5467.471131655402,191,Female,38
11,7.52051960761203,1845.5259943125848,192,Male,28
18,7.489732734620778,1789.5737368192313,193,Male,54
17,6.6018768173689475,736.4761241369147,194,Female,55
14,7.080880067209161,1189.014470834412,195,Female,62
19,7.861062236930094,2594.274646645755,196,Male,35
16,7.283038159683351,1455.4030618306103,197,Female,59
14,7.11841436450077,1234.491427310594,198,Female,32
8,6.242788839451352,514.2907872571443,199,Female,27
8,6.701582580506056,813.6925406863531,200,Female,38
16,7.435351477002409,1694.853316280722,201,Female,37
18,7.947373787019081,2828.1378966492953,202,Male,56
16,7.714855746036319,2241.3995436922287,203,Male,58
11,6.038787082201967,419.3840478934827,204,Female,43
20,7.623046238563058,2044.7815444951873,205,Male,62
16,7.2694533471080875,1435.7653731797088,206,Male,40
10,7.572773138744521,1944.5252497856206,207,Female,26
14,7.221425168643167,1368.437926470123,208,Male,64
13,7.319325384245464,1509.1855059471911,209,Female,41
15,6.835058663732311,929.8828995270006,210,Female,58
18,7.703253556144584,2215.544677126882,211,Male,40
16,7.656012532594481,2113.3138354534667,212,Female,62
12,7.242787590748204,1397.9855558749377,213,Female,26
8,6.623407955603533,752.5052366510484,214,Female,26
10,6.704412621461169,815.9985854628288,215,Female,50
17,7.556187115226165,1912.53930137128,216,Female,37
19,7.203994557790904,1344.7918985410533,217,Male,55
15,7.077371832092708,1184.85043698955,218,Male,58
18,7.7297490892895135,2275.0312994479596,219,Female,63
13,6.831499255473824,926.5789501955171,220,Female,27
15,7.470293388996572,1755.1215433931222,221,Male,32
16,7.53261098042491,1867.976391685462,222,Female,47
11,7.311282587396473,1497.0961149417362,223,Male,38
8,6.711181327581954,821.5405749729476,224,Female,51
8,6.51957067000062,678.2871138119621,225,Female,53
17,7.7366528622873245,2290.791940447447,226,Female,63
11,7.181123250405033,1314.383811531279,227,Female,63
19,7.607382934456298,2013.0030372499198,228,Female,25
14,7.088442276754054,1198.0401313703921,229,Female,41
9,6.5508545073805555,699.8419384840087,230,Female,54
10,6.538595805062849,691.315154921883,231,Male,37
8,6.726235926542583,834.0021051719764,232,Male,45
12,6.719640903259827,828.5199392467059,233,Male,43
8,6.788087892451636,887.2154874669902,234,Female,43
15,7.209277526360584,1351.9151913724363,235,Female,49
8,6.583826498423765,723.3017536925435,236,Female,46
18,7.710260267693177,2231.1228718279426,237,Female,55
8,6.204172267045193,494.8092164913257,238,Female,41
9,6.574013015716824,716.2383593760342,239,Female,47
9,6.6804296503832825,796.6613243381618,240,Female,56
19,7.758129287513676,2340.5220634674897,241,Male,34
13,6.6314807046120094,758.6046087799801,242,Female,34
14,7.653016474598777,2106.9917001105446,243,Male,60
12,6.970806717796133,1065.0816243578186,244,Male,32
8,6.251794230415552,518.943093342618,245,Female,44
8,6.884842200183473,977.3474322942477,246,Female,56
10,6.909553952786405,1001.8002923882846,247,Male,38
9,6.218738228746489,502.0693355333119,248,Male,52
12,6.573094131893399,715.5805218183187,249,Female,48
19,7.704347057251102,2217.968702778684,250,Female,39
17,7.618165505013698,2034.825825977933,251,Male,46
13,7.2587640138166725,1420.4997336881365,252,Female,54
14,7.444160308949877,1709.848944337192,253,Female,28
11,7.013863020632915,1111.9416724842686,254,Female,37
14,7.554410535977746,1909.1445401607257,255,Male,47
18,7.698293738247856,2204.583184959643,256,Male,32
15,7.112203278383385,1226.8476573742328,257,Male,42
18,7.658987979115381,2119.6112519196286,258,Female,36
8,6.4419185132683445,627.6097231114985,259,Female,55
13,6.237173111817905,511.4107645518534,260,Male,38
15,7.161219865015406,1288.4817484275354,261,Male,58
12,7.050372209910938,1153.2879281019227,262,Male,42
11,6.667583549684957,786.4927856153681,263,Female,58
9,6.385485273458996,593.1725136442237,264,Male,35
13,7.350861977835295,1557.538513049174,265,Male,36
13,6.76748815626513,869.1260410784831,266,Female,39
18,7.874922410460072,2630.4820844862757,267,Female,55
8,6.110655686036561,450.6340928017918,268,Female,53
16,8.08603198454075,3248.770787469685,269,Male,50
19,7.70662935151223,2223.0365409696,270,Female,42
18,7.562368263365966,1924.3976013151546,271,Female,56
13,7.424804798327149,1677.0721737701504,272,Male,46
20,7.74950222204799,2320.4170746243117,273,Female,62
10,7.193830426828096,1331.1924877416418,274,Male,41
11,6.9535099822974455,1046.8175985742048,275,Male,47
19,7.739724090589331,2297.838300440378,276,Female,48
18,7.592044305942044,1982.3619285067307,277,Female,32
11,7.253875904466945,1413.5731184767149,278,Female,30
10,6.7782317850512825,878.513948427831,279,Female,29
17,7.653659055115644,2108.3460470181017,280,Female,53
10,6.88362642059203,976.159915258078,281,Female,52
10,6.7451210930973735,849.9020377165575,282,Male,35
11,7.006784941090233,1104.0990489785104,283,Male,25
14,7.147104757090557,1270.4224438439526,284,Female,43
11,6.8021042519873935,899.7385777716736,285,Male,33
16,7.150014266425059,1274.1241322402414,286,Female,51
8,6.538050108526162,690.938009548904,287,Male,58
15,6.874898073948463,967.6767290897877,288,Male,28
14,7.258832334294683,1420.5967862242567,289,Male,60
9,6.49553210016435,662.1764757967576,290,Female,42
15,7.392604276883341,1623.9297735250711,291,Male,39
8,6.185076919945155,485.4503029835182,292,Female,37
18,7.019917234416566,1118.6940245511485,293,Male,43
19,7.660644679898739,2123.1257239515453,294,Male,30
16,7.167674262861795,1296.8250186779535,295,Male,36
16,6.99044188201833,1086.2013429976112,296,Male,61
9,6.811169748564589,907.9322384552269,297,Male,41
14,7.625162244670137,2049.1128956976518,298,Female,47
17,7.330472084813805,1526.1020515635164,299,Female,50
10,6.674281926750064,791.7786945940304,300,Male,53
14,7.094432135283881,1205.2377571304514,301,Male,57
19,7.555859765824279,1911.9133352353035,302,Male,51
17,7.714504327885787,2240.6120135942706,303,Male,49
16,7.66369595684794,2129.6138620525408,304,Female,34
11,6.507918041291352,670.4291577536417,305,Male,47
19,7.795228532561771,2428.984463095956,306,Female,45
8,6.796706939206125,894.8954888359631,307,Male,45
9,6.78740598413355,886.6106940764096,308,Female,37
8,6.679580604790546,795.9852096185567,309,Male,61
19,8.245353288052284,3809.8812057911728,310,Male,57
12,7.415924504008306,1662.2452106087635,311,Female,48
12,7.301337401211123,1482.2810069542097,312,Male,35
18,7.703773618686832,2216.697198589779,313,Male,41
14,7.073665417354074,1180.467018268795,314,Male,28
16,7.444963942198535,1711.2235880797696,315,Female,49
16,7.291074741708808,1467.1466538809677,316,Male,54
10,6.037288475512253,418.75602684955425,317,Male,33
10,6.605132651824885,738.8778762097927,318,Female,45
10,6.821351270204645,917.2235899727623,319,Female,44
11,6.608999915668308,741.7408442634364,320,Female,43
15,7.25234131751494,1411.405531214342,321,Male,43
13,7.0108398133815815,1108.58511869235,322,Male,36
15,7.635439763195515,2070.281284367323,323,Male,61
8,6.365782863362511,581.5999634424869,324,Female,41
15,7.635384536606467,2070.1669529507144,325,Male,61
11,5.845429036121354,345.65080665474346,326,Male,63
18,8.067075875513686,3187.7667604367325,327,Female,52
8,6.800081282693728,897.9202740629024,328,Female,59
15,7.5230538253810515,1850.2088903134595,329,Female,42
11,6.0971377914429965,444.58345670306613,330,Female,38
13,7.385173608862417,1611.9076121504934,331,Female,59
15,7.287609624877512,1462.0716171921608,332,Male,31
11,5.911234113369243,369.16146149694754,333,Female,37
10,7.140626433758581,1262.21883798135,334,Male,42
16,7.768405796631388,2364.698471566657,335,Male,61
10,6.053572043941634,425.63068938351313,336,Female,37
16,7.462320217980575,1741.183299016291,337,Female,60
20,8.399110251170567,4443.111735011553,338,Female,55
9,6.950289422631394,1043.4516830137438,339,Male,26
9,6.83166176218664,926.7295377302884,340,Female,40
9,5.783153497241977,324.7817756437053,341,Female,33
13,7.292830584116583,1469.7249951122997,342,Female,33
10,6.625971350186217,754.4366789648791,343,Female,62
20,8.257947486205907,3858.1670270073205,344,Female,35
16,7.481798781820228,1775.4315192862227,345,Male,46
11,6.812856734369794,909.465199932158,346,Male,57
8,6.627996281729811,755.9659093646649,347,Male,60
11,6.758233228742164,861.1194499198392,348,Female,47
8,6.453636342243661,635.0072030687191,349,Female,58
12,6.74496317085738,849.7678298804664,350,Female,33
11,6.243192452596485,514.4984036748415,351,Male,48
15,7.440383744541675,1703.4037676433857,352,Female,32
15,7.100734591376198,1212.857702137378,353,Female,31
14,7.124177601881428,1241.62663565069,354,Female,60
10,6.797404470229311,895.519923958052,355,Male,42
8,5.913414406795504,369.96721988033846,356,Female,27
8,5.972095776756837,392.3270396370869,357,Male,52
19,7.678036673769556,2160.3740862672093,358,Female,30
18,7.7972860732557185,2433.987342522782,359,Male,45
10,6.952540871559773,1045.8036078130685,360,Male,52
13,6.552138500260221,700.7411076898087,361,Male,64
14,7.3569907162001265,1567.1135706291138,362,Female,25
13,6.98178703567312,1076.8410018601694,363,Female,60
13,6.778143984634623,878.4368179232124,364,Male,45
13,6.853017333072159,946.7332107591666,365,Male,59
20,8.188216745892262,3598.299838804476,366,Female,37
10,6.7930028232520305,891.5868238010273,367,Female,34
13,7.076055120568199,1183.291357418618,368,Male,34
15,7.360196591502341,1572.1456030453974,369,Female,37
18,7.940301661506998,2808.2075086494933,370,Female,61
18,7.630674242778606,2060.4387875747057,371,Female,62
9,6.5963504646773465,732.4173228395662,372,Female,48
12,7.339811990345729,1540.4224721429398,373,Male,26
8,6.373083187128775,585.8613673663897,374,Female,46
19,7.9902754736673725,2952.110076071814,375,Female,41
8,6.327966965837803,560.0169022358916,376,Male,60
12,6.793915811023659,892.4012033712287,377,Male,38
19,7.744604958705091,2309.0811612769003,378,Female,34
20,8.085207840597544,3246.0944357033623,379,Female,59
10,7.1053282815149865,1218.442011075893,380,Female,49
11,6.854687756815251,948.3159779707224,381,Female,27
10,6.190926561542736,488.29833513184,382,Male,62
8,6.625517229337214,754.094151320068,383,Male,41
8,7.103210930295177,1215.8648707159307,384,Male,36
19,7.816966331122761,2482.363305406088,385,Female,48
19,7.198721359737243,1337.7192087550516,386,Female,53
20,7.960979430854739,2866.8794881057925,387,Female,49
12,6.938941745001363,1031.677858815593,388,Female,60
13,7.032199569635498,1132.5189268133397,389,Male,50
10,7.020890268068003,1119.7830812411764,390,Male,62
19,8.24885350315642,3823.2399751770854,391,Female,25
16,7.584914607300353,1968.278550137379,392,Male,44
12,6.893259896966346,985.6091702494575,393,Female,52
15,7.578288344088887,1955.2793340677047,394,Female,40
20,7.363063189791217,1576.658778581044,395,Male,41
8,6.27230450417162,529.6966605810438,396,Female,64
12,6.727608812055908,835.1478809097408,397,Female,52
10,6.689494755965643,803.9159757673856,398,Male,36
19,7.952378051193536,2842.326116998093,399,Female,51
8,6.407388318783274,606.3081279337786,400,Female,54
11,6.4944703141963585,661.4737592397322,401,Male,58
20,8.250396717172112,3829.1446075760427,402,Female,61
12,6.857289719876701,950.7866740520275,403,Male,30
14,7.208392989181775,1350.7199008404616,404,Female,31
8,6.604448082667185,738.3722362969238,405,Male,56
10,6.713195806420622,823.1972191534205,406,Male,56
9,6.593025162381441,729.9858587514437,407,Male,49
16,7.6686010287043604,2140.0854319785517,408,Female,57
17,7.579796816977606,1958.231045661761,409,Male,31
13,7.335358122049489,1533.576889309904,410,Male,36
17,7.683199483625887,2171.5565284659306,411,Male,40
10,7.384570348515294,1610.9355054510504,412,Male,40
15,7.4012144704942395,1637.972491792032,413,Male,60
15,7.457718638201618,1733.1895112874554,414,Female,37
9,6.911608402980333,1003.8605568239356,415,Female,31
13,7.080303347366037,1188.3289402938535,416,Female,60
14,7.00266966182997,1099.5647094968701,417,Female,33
9,6.437277991465997,624.7040336799784,418,Female,56
18,7.519710834051811,1844.0339851138115,419,Female,35
17,7.2901467999620175,1465.7858587191329,420,Female,32
9,6.675662163429868,792.8722911280076,421,Male,57
17,7.374492688052264,1594.7825729900849,422,Female,47
8,6.511075601241353,672.5494236832487,423,Male,49
15,7.260772781007695,1423.3560548296512,424,Male,32
8,6.449090007620285,632.1268004337186,425,Female,46
16,7.554148297206623,1908.643954082027,426,Male,28
18,7.496337044692531,1801.431750572486,427,Male,64
13,7.263899458969718,1427.813395541596,428,Male,27
14,7.615729222657553,2029.8744496447368,429,Male,53
20,8.023325907768191,3051.3088471611545,430,Female,53
17,7.334377836521502,1532.0742826913477,431,Female,58
14,7.009018072514264,1106.5674023129448,432,Female,58
17,7.474728760518479,1762.923448888642,433,Female,52
10,6.498082813706178,663.8676542396105,434,Female,37
9,6.281645970691716,534.667987794005,435,Female,39
16,7.457250653079321,1732.3785941454303,436,Female,47
15,7.245315981772434,1401.5246822687195,437,Female,50
20,7.96819259923431,2887.6335338048766,438,Female,28
19,8.183578371912787,3581.648226518655,439,Female,50
17,7.477860057316555,1768.4523372169886,440,Male,64
14,6.85043990006269,944.2962112811597,441,Female,33
16,7.323767451008355,1515.9043203854046,442,Male,29
11,7.096806148702941,1208.1024067519413,443,Male,56
20,8.143255897712356,3440.1002683277675,444,Male,44
11,7.006342087760124,1103.6102032893598,445,Male,35
8,6.296249373818576,542.5332499780575,446,Female,39
15,7.485884052710111,1782.699473661995,447,Male,56
19,8.1123158484134,3335.2931262436146,448,Female,52
10,6.4639605495551935,641.5971083171698,449,Female,46
14,7.168443045126261,1297.8223780794158,450,Male,41
19,8.467288592846483,4756.60088738608,451,Female,50
9,6.357291306713661,576.6821837586339,452,Male,31
9,6.066753849772452,431.2784123012542,453,Male,50
14,7.5644629935605625,1928.4329200534962,454,Female,49
13,7.4227427547887315,1673.617540956501,455,Female,34
10,6.544896518468207,695.6846847077912,456,Male,43
16,7.392740807622515,1624.1515049936547,457,Female,35
17,7.217950153819418,1363.6908372699743,458,Female,37
20,7.931972688316088,2784.9151589261564,459,Female,32
13,7.432096584044361,1689.345718339953,460,Male,64
17,7.397342798870734,1631.6430608210485,461,Male,28
17,7.770600436577627,2369.8938321808746,462,Female,55
13,7.207995568625667,1350.1832036406377,463,Female,52
8,6.6114596757036,743.5675945112757,464,Female,35
11,6.645992508966263,769.6935964505226,465,Female,25
17,7.446765127222028,1714.3085958793406,466,Female,62
13,6.470610146090275,645.8776865116221,467,Male,48
13,6.879149779355442,971.7997642254497,468,Female,55
18,8.011392832999167,3015.1137395165447,469,Male,50
19,7.463865177596915,1743.875435983877,470,Female,29
12,6.665898807360993,785.1688634789248,471,Male,44
8,6.627809118455437,755.8244335497045,472,Female,35
15,7.3995716740748865,1635.283845501439,473,Male,57
12,7.182332357739258,1315.9740038006257,474,Female,62
19,7.384302399948246,1610.503915415306,475,Male,51
19,8.652226325072384,5722.873538339199,476,Male,58
19,7.366432085891971,1581.9793353618024,477,Male,39
12,6.994183369273781,1090.2729636879603,478,Male,56
14,7.135891986918041,1256.2570540025645,479,Male,45
11,6.3936514576429015,598.0363019097962,480,Male,29
13,6.941849179923265,1034.6817597576753,481,Female,30
20,7.90837760111863,2719.9740018980046,482,Male,62
11,6.58647106359089,725.2171038335266,483,Female,46
10,7.01811168802152,1116.675992961024,484,Female,42
14,7.135066224108965,1255.2201118417893,485,Female,38
15,6.968412417157645,1062.5345491932192,486,Female,34
11,6.307607223264928,548.7303874084466,487,Female,37
20,8.117877823034947,3353.895627330126,488,Male,55
9,6.132468860230897,460.5718456925955,489,Male,54
19,7.8876399817437814,2664.1490551922348,490,Male,27
17,7.656905083355524,2115.200917358541,491,Female,54
10,6.362157282719139,579.4951437751907,492,Male,30
8,6.693483831010303,807.1292616826421,493,Male,53
15,6.875330058911279,968.0948411881891,494,Male,32
10,6.800623853002018,898.4075911327527,495,Male,57
19,7.766101185708293,2359.2550365484385,496,Male,41
17,7.508714031185553,1823.866598524043,497,Female,35
14,6.852531479269925,946.2733485509656,498,Male,37
17,7.293645883234162,1470.923749209075,499,Female,35
12,7.508646194085801,1823.7428769001704,500,Female,55
17,7.859478558175265,2590.169400557189,501,Female,52
12,7.200676457300834,1340.33713864113,502,Female,30
14,7.441288348182268,1704.945370057448,503,Female,40
16,7.624100206111232,2046.9378140056292,504,Male,28
19,7.67000256378422,2143.0869396531943,505,Male,59
12,6.956721982148405,1050.1853823098,506,Male,50
8,6.074020211370383,434.42365057468106,507,Female,36
17,7.516417963701848,1837.9718067412957,508,Male,35
17,7.851133538854337,2568.644325365114,509,Male,61
8,6.2868127721163685,537.4376601269759,510,Female,49
9,6.88797454106999,980.4136172780464,511,Female,42
13,7.089229213162033,1198.983283819816,512,Female,43
16,7.085779956946477,1194.8548074552994,513,Female,47
15,7.026250402845585,1125.8013845273206,514,Male,62
20,8.230430952002962,3753.4509608049575,515,Female,42
12,7.134088414374773,1253.993345267769,516,Female,50
8,6.486674806043622,656.3372818941979,517,Male,30
20,7.8015029798723114,2444.272911251832,518,Male,28
14,7.238540267143196,1392.0604506509358,519,Female,53
12,7.2492268875803365,1407.0166455640504,520,Male,58
13,7.531012526038471,1864.9929017499435,521,Female,41
20,8.447667626375496,4664.181425410416,522,Female,40
14,7.283409037794753,1455.9429390776486,523,Male,26
10,6.64164308390277,766.3531416259656,524,Male,58
19,7.829749796974676,2514.300209194058,525,Female,32
17,7.677271588984095,2158.7218490542728,526,Female,37
10,6.8758418655142535,968.5904453361336,527,Female,32
12,7.39946422825567,1635.1081505280226,528,Male,54
13,7.735234767734689,2287.5456831693755,529,Female,56
16,7.370482456843173,1588.3999326297255,530,Female,60
20,8.674903599570124,5854.135418157547,531,Female,54
19,8.17876553124889,3564.4517394605164,532,Female,25
12,6.904583309905089,996.8330563020114,533,Female,63
8,6.852809812411682,946.536764442014,534,Male,41
11,7.425636736722819,1678.467975033645,535,Female,44
12,6.7783092877014814,878.5820382256068,536,Female,48
19,8.369254913026502,4312.421736109881,537,Female,46
17,7.82265193088614,2496.517228269827,538,Female,53
17,8.162722080421855,3507.7219210919015,539,Male,46
12,6.791045450850305,889.8433632158379,540,Male,33
14,7.081743388397124,1190.041415447615,541,Male,61
11,6.0918403728321655,442.2345391183912,542,Female,34
8,6.609723636221786,742.2778516559886,543,Female,60
12,7.071816735484246,1178.2867262483078,544,Male,61
14,7.0234814243704236,1122.6883766411868,545,Male,52
17,7.518480479041374,1841.7665638134201,546,Male,52
17,7.195264559071516,1333.1029634204515,547,Female,45
13,7.442478795158372,1706.9762256907918,548,Female,48
12,6.767980359468108,869.5539329959414,549,Male,64
11,7.931661161763987,2784.047719031099,550,Male,26
9,6.527142457218986,683.4424524438356,551,Male,32
11,6.547076475170803,697.2029014212233,552,Female,51
17,7.431598026812674,1688.5036927316746,553,Female,46
17,7.168778835874671,1298.2582480035035,554,Female,61
10,6.863692337358719,956.8937271329446,555,Male,51
17,7.429603425337303,1685.1391573440726,556,Male,53
8,6.756528508384638,859.6527325899438,557,Female,27
15,7.232077403841741,1383.0927639316715,558,Male,37
12,7.426321196523173,1679.617212147173,559,Female,34
20,8.172257199008323,3541.3284319905083,560,Male,60
11,6.830274538596164,925.4448479355738,561,Male,33
15,7.690662341793551,2187.8231691606597,562,Male,51
14,7.444748297607569,1710.8546117543722,563,Male,58
9,7.466836087755361,1749.0640368488664,564,Female,25
8,6.352671952657933,574.0244278579988,565,Male,56
19,7.806062821288273,2455.4438576207617,566,Female,49
18,8.133777389932485,3407.6472970113578,567,Female,53
11,6.2654221544428585,526.0636191839369,568,Female,31
15,7.625572488847908,2049.953704789432,569,Male,27
19,7.929439457884026,2777.869255311531,570,Female,44
9,6.312640716130753,551.4993809069609,571,Female,44
10,6.237358175083244,511.50541665591487,572,Female,54
19,7.551236441064701,1903.0943412199583,573,Male,59
8,5.861093950476339,351.1080288015136,574,Male,59
8,6.33167996201605,562.1001079277189,575,Female,63
20,8.12376943299139,3373.7137953331553,576,Male,51
10,6.53833441942469,691.1344786830606,577,Female,50
18,8.079294568641224,3226.9560375530086,578,Female,38
12,7.523099645343954,1850.2936687584324,579,Male,41
19,8.21394132316048,3692.065450649463,580,Female,42
10,6.778283952308909,878.5597792867319,581,Male,53
8,5.8506457663625,347.4586851779712,582,Male,44
8,6.2755439973826945,531.4153917227823,583,Female,51
15,7.264885483353047,1429.2219486841946,584,Male,42
17,7.304991671203777,1487.7075709849344,585,Male,28
18,7.617866921402635,2034.2183510304742,586,Female,25
19,8.327703390136024,4136.905775414923,587,Female,25
20,7.3084479409873335,1492.8583858846973,588,Male,50
20,8.551188145458436,5172.896931355108,589,Male,44
19,8.080961090115618,3232.3383126793774,590,Female,47
9,6.660735628726665,781.1253440680001,591,Male,34
20,7.643500204722025,2087.036100496973,592,Male,35
10,6.403364476456561,603.8733415091019,593,Male,29
9,6.090494101854239,441.6395721761652,594,Male,25
10,7.282703158916891,1454.9155823469475,595,Male,41
14,7.607473315282395,2013.1849823494108,596,Male,46
8,6.091379045587653,442.0305713285979,597,Male,58
17,7.3947075939029,1627.3490072620104,598,Female,53
15,7.407081293752739,1647.6104313030057,599,Female,28
20,7.792345501226064,2421.991709781939,600,Female,29
17,7.035557817308479,1136.3285991952218,601,Female,35
17,7.367063797116378,1582.9790051828093,602,Female,45
17,8.052949886994796,3143.0529606160853,603,Male,59
9,6.402411232397239,603.2979771086419,604,Male,36
10,6.644516048016842,768.5580124413585,605,Male,50
16,7.1437267065619245,1266.1381330192644,606,Male,43
14,7.343404723561926,1545.9667527224108,607,Female,31
11,6.8613729006995685,954.6768446963803,608,Male,31
17,7.3449142739490405,1548.3022297490775,609,Male,50
12,6.481705956656461,653.0841296981478,610,Female,64
9,7.002779963354257,1099.6859998495117,611,Male,29
20,7.322909191497313,1514.6038392395892,612,Male,45
18,7.81216109781228,2470.4635839285525,613,Female,38
20,7.125817309201141,1243.6642099897708,614,Male,28
15,7.474835637766809,1763.1118753649475,615,Male,47
11,7.168618778443414,1298.0504687519697,616,Male,44
16,7.6841158437714485,2173.5473683463,617,Male,39
12,6.883371344556175,975.9109520101623,618,Male,53
20,8.469348619056225,4766.409709630018,619,Female,32
16,7.976753214623189,2912.459565312824,620,Female,43
11,6.70444399320698,816.0241851645856,621,Female,63
17,7.421425467776755,1671.4143577376917,622,Female,52
12,6.992402381531623,1088.332929005823,623,Female,51
16,7.304759981862779,1487.3629249251662,624,Female,28
15,7.145767899169131,1268.725204273199,625,Male,39
10,6.517820636250274,677.1011265319356,626,Female,59
8,6.909740830806873,1001.9875243380537,627,Female,61
10,6.961991566102466,1055.734029039294,628,Male,25
11,6.647200820712817,770.6241883737139,629,Male,27
9,5.840985678611767,344.1183636646386,630,Female,48
8,6.055158786409588,426.30659177372274,631,Male,51
14,7.319958949670641,1510.1419766653325,632,Female,64
15,6.775512643554301,876.1283895009681,633,Male,60
14,7.261455497466564,1424.328135224999,634,Female,58
12,6.565693106794404,710.304042180093,635,Male,53
19,7.811229954613457,2468.164299212229,636,Male,48
8,6.476738269241233,649.8478569370648,637,Female,48
14,7.213525358529084,1357.6701145317736,638,Female,28
20,7.75823041489868,2340.7587663116797,639,Female,27
14,7.061209788158555,1165.8547502230108,640,Female,58
16,7.246109789855561,1402.6376655793374,641,Female,47
10,6.864242341231622,957.4201671475764,642,Male,47
16,7.6142521983450075,2026.8784888293449,643,Female,29
8,6.14047804439677,464.27546210133335,644,Female,55
8,6.446466938239665,630.4708607506442,645,Male,30
11,6.890629991668537,983.0205169196163,646,Male,61
16,7.464334664249887,1744.694354446119,647,Female,34
13,7.113223840629129,1228.1003709019637,648,Male,64
20,7.755494038474031,2334.3623247349683,649,Male,31
18,7.74427203882905,2308.312550212968,650,Female,63
10,6.909770808139467,1002.0175617015436,651,Male,62
8,6.496969092614497,663.1287024005051,652,Male,45
11,7.00177917144305,1098.5859935265223,653,Female,44
19,8.11689266518639,3350.593137733491,654,Female,27
20,7.234704584622407,1386.731175949297,655,Male,46
16,7.647610025626764,2095.6310949377553,656,Male,28
10,6.816226556733159,912.5351057150937,657,Female,52
19,7.401853759297637,1639.019964049277,658,Male,36
16,7.613595567720315,2025.548015203718,659,Male,62
14,7.069262306120962,1175.2807169901134,660,Male,60
19,7.690885780836275,2188.3120688928366,661,Female,29
11,6.637595683219453,763.2576719256658,662,Male,37
10,6.8026399725594215,900.2207153712175,663,Male,47
17,7.333521412662305,1530.7627394202284,664,Female,54
12,7.256666343049695,1417.5231159957207,665,Male,61
12,6.891220914918145,983.6015782623259,666,Male,49
10,6.576382685901319,717.9376206104198,667,Female,51
19,8.036108870589606,3090.563978617929,668,Female,38
16,7.342907143196029,1545.1977013682197,669,Female,60
11,7.160670540743973,1287.774148498527,670,Female,63
18,7.955854099254877,2852.2233708862436,671,Male,40
12,6.471115534375067,646.2041880258645,672,Male,46
11,7.218546202363318,1364.5039054978542,673,Female,45
12,6.426421947859556,617.9588984351919,674,Female,45
14,7.505712569384328,1818.4005397848368,675,Male,32
16,7.9093398263053265,2722.592488974865,676,Female,40
14,7.423213817690151,1674.406105808452,677,Male,55
20,7.124702553026241,1242.2786000842711,678,Female,34
12,7.31360504196385,1500.5770932940816,679,Male,56
17,8.130533749417864,3396.6120210886356,680,Female,58
17,7.4603294139095695,1737.7203923443044,681,Female,33
14,7.170352086541435,1300.3023411716615,682,Male,41
17,7.22753284843549,1376.821483118945,683,Female,35
12,7.049625989479507,1152.4276421080638,684,Male,56
10,7.13078309878277,1249.8553439788202,685,Male,34
14,7.373978772734579,1593.963200359554,686,Male,46
20,9.02933742912944,8344.32903084025,687,Male,41
18,7.669974741079252,2143.027314007028,688,Male,28
18,7.16750829731733,1296.6098082669025,689,Female,49
9,6.631463772804565,758.5917643415581,690,Female,45
19,6.95798548840868,1051.5131367511806,691,Male,61
16,7.291389031973675,1467.6078362601843,692,Female,62
17,7.967069167487696,2884.3912961777546,693,Male,25
17,7.625481464110152,2049.7671167832323,694,Female,49
19,7.84103296821147,2542.830140366457,695,Female,60
8,6.937270238611827,1029.9548430996954,696,Female,41
20,7.802736537913071,2447.2899242030358,697,Female,48
13,7.462704813521008,1741.8530791371377,698,Male,26
14,7.215948794089992,1360.9643306152575,699,Male,64
20,8.03660290780665,3092.0912094683968,700,Female,39
15,6.999060018458833,1095.6028278238425,701,Female,56
17,7.413264222374629,1657.829046928347,702,Male,63
16,7.082849653927855,1191.3586457145498,703,Female,30
9,6.551330390056382,700.1750603955367,704,Male,25
18,7.7779082941615645,2387.2761150613733,705,Male,47
17,7.248157913397822,1405.5133847122434,706,Male,63
9,7.1968209582342855,1335.1794192344862,707,Female,41
12,7.037691951742514,1138.7562667501973,708,Male,58
20,7.920773839608011,2753.9012992883695,709,Female,53
12,7.2103622458377865,1353.3824357424521,710,Male,33
13,6.7954510001536415,893.7722601446787,711,Female,37
10,6.755487394530557,858.7582019552642,712,Female,30
15,7.122777584363652,1239.889552867136,713,Female,30
20,8.460246360073173,4723.221467498518,714,Male,44
8,6.18250521734967,484.2034731043496,715,Male,27
13,7.0801589974694705,1188.1574175141807,716,Female,41
11,6.9383198994136075,1031.0365139205173,717,Female,36
8,6.563493304109249,708.7432308087659,718,Female,25
14,7.018410081682469,1117.0092517173348,719,Male,41
16,7.203958951126036,1344.7440158390814,720,Male,27
20,7.696273160030662,2200.1331495344707,721,Male,50
11,7.009822094937237,1107.4574650842,722,Male,39
11,6.768317639442846,869.8472655893194,723,Female,60
13,7.314106778147677,1501.3301760270385,724,Female,56
19,7.942264351836257,2813.7245627325733,725,Male,56
10,5.9271721228238725,375.0922976766662,726,Male,28
20,7.988959727335077,2948.2284022757126,727,Female,42
19,8.545546618168137,5143.796056020493,728,Male,43
13,7.482954186343017,1777.4840464147358,729,Male,59
14,7.297324407271966,1476.344541723464,730,Male,64
18,7.340045161361307,1540.781695893845,731,Male,38
17,7.665554494336256,2133.5755095456448,732,Male,57
17,7.734488968466645,2285.8402693005064,733,Male,38
10,6.613873505625339,745.3646081899001,734,Female,58
14,7.268057856406844,1433.7631733028468,735,Male,28
10,7.212408417744116,1356.1545239783366,736,Male,48
20,7.591864333314771,1982.005189724822,737,Female,53
20,7.519608556120173,1843.845390776628,738,Female,43
9,6.788508616450234,887.5888388479312,739,Female,30
19,7.935644193706261,2795.1587831972306,740,Male,57
17,7.8104937006507225,2466.3477722608945,741,Female,64
11,7.024721272258111,1124.0812027213094,742,Male,43
19,7.586864383689614,1972.1199969460906,743,Male,25
15,7.406845912860519,1647.2226609283134,744,Male,29
20,7.489478099715735,1789.1181068927935,745,Female,51
16,7.35961077694323,1571.2248869728621,746,Female,40
14,7.319783843828734,1509.8775651337864,747,Female,30
8,6.365500570832621,581.4358052888234,748,Female,64
10,7.537704287188768,1877.5148389746623,749,Female,37
20,7.219880027240018,1366.3251290780104,750,Male,59
19,7.593757913611919,1985.7618313296944,751,Male,43
16,7.193761237529385,1331.1003866532074,752,Male,36
19,7.541759414694756,1885.1438589110483,753,Male,40
8,6.2914547325574155,539.9382237533964,754,Female,34
16,7.100001889705777,1211.9693647559232,755,Female,49
15,7.486081711254534,1783.0518742714503,756,Male,44
8,6.316593191322508,553.683481987587,757,Female,55
13,7.112203759687219,1226.8482478608562,758,Female,28
12,6.787256174146697,886.4778808886056,759,Male,47
13,6.839508347825751,934.0298040390271,760,Male,26
17,7.9796618993551345,2920.9433242915984,761,Female,46
19,8.093957703568755,3274.6219410833746,762,Female,61
20,7.228500696526997,1378.1546822267635,763,Male,32
20,7.19042306085078,1326.6643466476348,764,Male,31
20,8.274751609592585,3923.5479377141614,765,Male,38
12,6.75738801408836,860.3919266420709,766,Female,27
13,6.5337021314914745,687.9403485541137,767,Male,40
12,7.3073415859072135,1491.207667734156,768,Male,43
18,7.71107840298509,2232.948979089521,769,Female,42
19,7.865577988936498,2606.0162386925435,770,Female,40
12,7.224371664276422,1372.4759689606622,771,Female,32
11,6.349338183620135,572.113949310005,772,Female,57
10,6.146237303057865,466.9570591709819,773,Female,36
10,7.23660623556726,1389.3707635920089,774,Male,35
11,6.303640219392346,546.5578838506854,775,Male,29
16,7.125135942714732,1242.8171075031337,776,Female,51
9,6.272237918532869,529.6613915647728,777,Female,36
16,7.9217855735281475,2756.688924575311,778,Female,41
8,6.589327605089469,727.2916782293521,779,Female,30
8,6.713056601558797,823.0826340738593,780,Female,57
12,7.0089089378888545,1106.4466440835747,781,Male,29
13,6.86791016323483,960.938261831449,782,Male,52
13,7.261474025857275,1424.3545259776781,783,Male,38
10,6.17165465883105,478.97799592566656,784,Male,29
14,6.875498875919553,968.2582858587358,785,Female,57
16,7.596829775485232,1991.8711961470963,786,Male,43
18,7.250085327348933,1408.2250031845929,787,Female,46
19,7.715679365190887,2243.2463637232313,788,Female,29
17,7.5022689150599895,1812.1493665201428,789,Female,26
15,7.169305102366481,1298.9416576291635,790,Male,54
13,6.437308534940913,624.723114603358,791,Female,63
19,7.566054626556684,1931.5047214616181,792,Male,28
15,7.096052757918147,1207.1925763035802,793,Male,57
19,7.834917674038545,2527.3274361373797,794,Female,37
12,6.97881266723344,1073.6428385854474,795,Female,44
15,7.393438972356712,1625.285826222898,796,Female,31
17,7.362275250268977,1575.4169561210595,797,Male,39
19,7.957835563618271,2857.8805527532936,798,Female,47
11,6.260942194666354,523.7121465144426,799,Male,38
17,7.0609997960170565,1165.6099555907092,800,Female,47
15,6.722603788103303,830.9783886699888,801,Female,43
17,7.408728877357419,1650.32724471056,802,Male,53
19,7.5237473899224225,1851.4925747014395,803,Male,44
9,6.817590972005288,913.7810323370533,804,Male,53
19,7.5593417326359695,1918.582157586687,805,Male,48
19,7.872995576560273,2625.418462379077,806,Male,42
12,7.225691514952913,1374.2886282534205,807,Male,34
16,7.254425978543305,1414.3509023039774,808,Female,32
11,6.927087206596037,1019.5199993010257,809,Female,50
18,7.962599536123999,2871.527899111651,810,Male,53
13,6.6648454247325875,784.3422157024137,811,Female,34
8,6.466514394352975,643.2377418244903,812,Male,41
16,7.255459657752859,1415.8136432989365,813,Female,26
8,6.152138012012249,469.7205822255197,814,Female,30
12,6.400281479067734,602.0144684967308,815,Male,29
11,6.39221176254211,597.1759314600109,816,Male,52
20,7.921576612204784,2756.1129433905207,817,Male,29
19,7.232032298988704,1383.0303811427123,818,Female,42
20,7.70204863831088,2212.8767354820607,819,Male,50
20,8.192291703718174,3612.9926749047654,820,Female,44
10,6.852402940164324,946.1517232380605,821,Male,51
20,7.709316227906469,2229.0175969558777,822,Female,36
13,7.599257770634428,1996.7133257039418,823,Female,31
9,7.149820683726104,1273.8775077238083,824,Male,27
10,6.708866454708771,819.6410124528527,825,Female,34
12,6.0728602804056795,433.92004126306176,826,Female,58
16,7.6338550391509985,2067.003058065161,827,Male,49
9,5.889492856596238,361.2220465340897,828,Female,59
17,7.928096191568794,2774.1403421351756,829,Male,40
15,7.56788196765755,1935.0374662074607,830,Male,26
9,7.114053637190366,1229.119867295395,831,Male,48
18,7.7386047227798604,2295.267613256156,832,Male,34
20,7.770104785892623,2368.7194837369134,833,Female,62
12,6.781890303650075,881.733894572365,834,Female,46
14,7.028133525800195,1127.9234043418828,835,Female,50
15,7.5425380800096855,1886.6123266959034,836,Male,63
8,6.646703453145802,770.2410001966449,837,Female,51
13,7.09836951819474,1209.9925943434466,838,Female,53
8,6.270698945593266,528.8468839293664,839,Male,62
9,7.3714162285621745,1589.8838282673482,840,Male,44
8,6.699155284886677,811.7198634507758,841,Female,51
18,7.177463227468519,1309.5819294932974,842,Male,44
12,6.7586516855680285,861.4798666357015,843,Male,43
17,7.784974906056389,2404.205816214582,844,Male,44
16,7.227111765945837,1376.2418497463223,845,Male,59
13,7.172195090324683,1302.7010130074852,846,Female,26
18,7.9471570102350775,2827.5248884567145,847,Male,54
18,6.636635818557368,762.5253993558232,848,Male,58
8,6.43168072579379,621.2171668005599,849,Male,46
20,7.875274062960565,2631.407262749878,850,Male,27
8,6.351985918914421,573.6307627800912,851,Male,30
9,6.670812900802348,789.0367524416147,852,Male,39
16,7.578626168880346,1955.9399874872493,853,Male,51
10,6.74821481730278,852.535471681655,854,Male,34
8,6.362010867516339,579.4103030873285,855,Female,33
12,7.162224638257022,1289.7770310343444,856,Male,57
14,7.193637399739244,1330.935556329191,857,Female,56
13,6.986372908598717,1081.790598291647,858,Male,30
19,7.33359642863971,1530.8775753905136,859,Male,60
8,6.050390674367177,424.2787525040393,860,Male,26
12,6.472371010549696,647.015991481193,861,Male,53
12,7.037770301074546,1138.8454910383305,862,Female,28
13,7.034762341786625,1135.425037038215,863,Male,25
10,6.197563161648631,491.54975316119925,864,Male,43
12,7.166895387856432,1295.8153473395023,865,Female,50
14,7.562073508730977,1923.830459790509,866,Female,49
12,6.729763595504483,836.9493839680789,867,Male,34
12,6.328434971130976,560.2790544499317,868,Female,39
12,6.6909009664754,805.047246077154,869,Female,46
17,7.764647758576381,2355.8285219650465,870,Female,45
17,7.684214957796604,2173.7628080512145,871,Male,46
10,6.386908639420773,594.0174163698515,872,Male,60
8,6.858735728067514,952.1625138685114,873,Male,58
12,7.413618340106193,1658.416217547394,874,Female,54
16,7.24316277376661,1398.5101547196139,875,Male,49
8,6.265165849978658,525.9288040074903,876,Female,52
10,6.498782818173888,664.3325272511562,877,Male,25
20,7.717646112638337,2247.662604174366,878,Male,28
20,8.24165799892982,3795.828573474117,879,Female,31
11,6.972816518133442,1067.2243782982418,880,Male,33
8,6.689903396852548,804.2445558357736,881,Female,60
8,6.636557590756363,762.4657510037313,882,Female,43
15,7.723862388923318,2261.6782132337676,883,Male,25
9,6.261115592670768,523.8029650291824,884,Female,34
19,7.90938815335949,2722.7240670289098,885,Male,60
15,6.7625917036523475,864.880808375892,886,Male,33
14,6.813871531694452,910.3885912321853,887,Female,56
17,7.520320163568922,1845.157951849776,888,Male,56
17,7.64995144215077,2100.543589064839,889,Female,30
9,6.5493525622058755,698.7916032318947,890,Male,62
13,6.878982864037392,971.6375694954913,891,Male,41
13,6.935718880333434,1028.358252889413,892,Male,34
10,7.164814555082052,1293.1217757031848,893,Male,51
18,7.54401560671288,1889.4019071194646,894,Male,59
9,7.106537181086425,1219.9158757986247,895,Female,45
19,8.050104111448999,3134.1212522080436,896,Female,49
8,6.579931520112228,720.4899884862022,897,Female,52
13,6.679068437740381,795.577636603415,898,Female,39
19,8.09814388001942,3288.358818774417,899,Female,28
12,6.76655027888005,868.3112895480115,900,Female,53
18,7.299258430335117,1479.2025889901147,901,Male,33
16,7.543723181255924,1888.849478679408,902,Male,51
8,6.096186024422156,444.16051813238363,903,Female,50
14,6.968088296600383,1062.1902157088196,904,Female,43
12,6.9364465237455875,1029.1068033033225,905,Male,52
12,7.719278058838103,2251.333663290347,906,Male,41
9,6.373232289272712,585.9487270649114,907,Male,44
18,7.52161064606987,1847.5406329716052,908,Female,64
10,6.948571969510074,1041.661141689321,909,Female,63
14,6.835739865025134,930.51655275853,910,Female,47
13,7.201319841767572,1341.1997682077986,911,Male,56
19,8.190225169833116,3605.534012559235,912,Male,57
9,6.487561726816822,656.9196592868631,913,Female,29
13,7.387492933461751,1615.6504879213046,914,Female,58
9,6.6677290015638455,786.6071907887904,915,Male,64
9,6.36005827402936,578.2800541207176,916,Male,35
9,6.520459042132808,678.8899529145773,917,Male,27
18,7.5453066820674435,1891.8428427334572,918,Male,57
10,6.670253892999828,788.5957980004939,919,Female,35
9,6.6259694367795285,754.4352354220728,920,Male,40
11,7.0313344099460195,1131.539540814022,921,Male,42
16,7.542715877584814,1886.9477916143383,922,Male,54
13,6.283928579523809,535.8898196167265,923,Female,34
8,6.434493188158205,622.9667759039174,924,Female,42
15,6.926843349411906,1019.2714123359214,925,Male,62
19,7.686204706407861,2178.0923555068302,926,Male,43
14,7.145585101677808,1268.4933056845653,927,Male,60
17,7.796640895794528,2432.4174952180683,928,Female,37
10,6.689778232372035,804.1438992831806,929,Female,27
8,6.527947264288049,683.9927131580159,930,Female,34
12,7.218581621214965,1364.5522355151468,931,Male,62
20,8.34129890311867,4193.533198788555,932,Female,25
11,6.775802315909774,876.3822164367999,933,Male,51
17,7.564760884017377,1929.0074673888228,934,Male,32
15,7.30247794328367,1483.9725752750267,935,Male,41
8,6.317771788110042,554.3364362700935,936,Female,33
17,7.337790552759056,1537.311749383604,937,Male,30
8,5.86448417211772,352.3003828694651,938,Female,49
19,7.413747743288951,1658.630835770124,939,Female,63
11,6.180955560686733,483.45370505760405,940,Male,52
15,7.610307978254192,2018.8997792090984,941,Male,57
12,7.006186009386668,1103.4379670454273,942,Female,61
9,6.542091256594456,693.7358417710562,943,Male,33
13,6.831017543302372,926.1327133248915,944,Female,42
12,6.950460738521025,1043.6304581801833,945,Male,45
9,6.324750565746863,558.218557469105,946,Female,26
20,7.962548610719128,2871.3816691142306,947,Female,62
18,7.7342159343951025,2285.216242219087,948,Female,64
18,7.399847148598986,1635.7343865939933,949,Female,60
18,7.3940851817001,1626.3364405313098,950,Male,61
10,7.026588931254427,1126.1825647952303,951,Male,39
16,7.407247571112969,1647.8844143941715,952,Female,52
14,6.96286753243123,1056.6592216604954,953,Female,42
14,7.076995079102676,1184.4041251246172,954,Male,58
18,7.354783018826094,1563.6576743046942,955,Male,46
13,7.038558635567466,1139.7436361939115,956,Male,35
15,7.505593698531849,1818.18439780927,957,Male,37
11,6.810058203238113,906.9235913011821,958,Male,28
15,7.884333333990907,2655.354201460741,959,Male,46
11,6.97139031882587,1065.7033885039984,960,Female,31
15,7.356848937187459,1566.8914025640881,961,Male,48
16,7.200872713789202,1340.6002143154988,962,Male,28
10,6.61903716927189,749.2233744321302,963,Female,52
10,6.435587747784519,623.6490234975776,964,Male,39
18,7.005937495972032,1103.1637819791424,965,Male,25
20,8.250185346055629,3828.3353225379165,966,Male,27
9,6.426048864610309,617.7283913233078,967,Male,38
20,7.626684503285679,2052.234550837751,968,Male,62
17,7.595361341024655,1988.9484103265536,969,Female,25
10,6.87395218592599,966.761848017852,970,Male,62
10,6.591122864142576,728.5985279148136,971,Female,62
12,6.9390860967794215,1031.8267940981748,972,Female,45
12,7.202117678805528,1342.27025403801,973,Male,53
9,6.471578546061724,646.5034573941481,974,Female,29
19,7.8828461344235885,2651.4080948925634,975,Male,34
17,7.103765055097609,1216.5387982999512,976,Female,52
20,7.453824716635297,1726.453730083788,977,Female,45
13,7.253255538515493,1412.696457797458,978,Male,31
12,6.485603980214978,655.6348351466265,979,Male,27
13,7.13472403860489,1254.7906671941505,980,Male,44
8,6.421468090961411,614.9051885493121,981,Male,43
12,6.8119714217689085,908.6603952350264,982,Male,59
16,7.220133906877935,1366.6720552439388,983,Female,28
19,8.089334000212332,3259.516010207023,984,Female,29
17,7.994808750991594,2965.523189449014,985,Female,25
9,6.670360492848947,788.6798666743513,986,Female,28
8,6.544532556912176,695.4315282998331,987,Female,36
17,7.360607244150611,1572.791341378758,988,Female,51
20,7.470079067494396,1754.7454234141806,989,Female,47
18,7.6479981599737785,2096.4446392163973,990,Male,49
16,7.185083543755546,1319.5994779678208,991,Male,45
17,7.07395992785561,1180.8147294021685,992,Female,48
16,7.613830768946778,2026.0244826118164,993,Female,49
16,7.625584672040834,2049.978679923044,994,Male,56
13,6.785905125355785,885.2810147138163,995,Male,56
15,7.36031243364295,1572.3277343064383,996,Male,29
18,7.962607001642327,2871.549336635832,997,Male,60
20,7.973694062777599,2903.563523367692,998,Female,63
8,6.147245529484649,467.42809503371217,999,Male,40
17,7.478769579743915,1770.061515960553,1000,Female,57
